{"cameraMode":{"drawMode":0,"name":"Shaded","section":"Shading Mode"},"sceneLighting":true,"audioPlay":false,"sceneViewState":{"m_AlwaysRefresh":false,"showFog":false,"showSkybox":false,"showFlares":false,"showImageEffects":false,"showParticleSystems":false,"showVisualEffectGraphs":false,"m_FxEnabled":true},"in2DMode":false,"pivot":{"x":-2.5883359909057619,"y":1.8668471574783326,"z":-26.468019485473634},"rotation":{"x":-0.0005485645378939807,"y":0.9992859959602356,"z":-0.01680137775838375,"w":-0.033873338252305987},"size":19.618419647216798,"orthographic":false}