{"cameraMode":{"drawMode":0,"name":"Shaded","section":"Shading Mode"},"sceneLighting":true,"audioPlay":false,"sceneViewState":{"m_AlwaysRefresh":false,"showFog":false,"showSkybox":false,"showFlares":false,"showImageEffects":false,"showParticleSystems":false,"showVisualEffectGraphs":false,"m_FxEnabled":true},"in2DMode":false,"pivot":{"x":5.9166059494018559,"y":-5.344527721405029,"z":22.898929595947267},"rotation":{"x":-0.09162230044603348,"y":-0.03642901033163071,"z":0.003327367128804326,"w":-0.9951291680335999},"size":19.618419647216798,"orthographic":false}