{"cameraMode":{"drawMode":0,"name":"Shaded","section":"Shading Mode"},"sceneLighting":true,"audioPlay":false,"sceneViewState":{"m_AlwaysRefresh":false,"showFog":false,"showSkybox":false,"showFlares":false,"showImageEffects":false,"showParticleSystems":false,"showVisualEffectGraphs":false,"m_FxEnabled":true},"in2DMode":false,"pivot":{"x":-15.504877090454102,"y":3.944890022277832,"z":0.4008493423461914},"rotation":{"x":0.000578191364184022,"y":0.3114931881427765,"z":0.00017251764074899256,"w":-0.9502090215682983},"size":4.710519313812256,"orthographic":false}